Workbook

Sheet 수집성 평가표
A1: No | B1: 분류 | C1: 대분류 | D1: 데이터 구분 | E1: 중분류 | F1: 인자 | G1: 수집가능성 | H1: 중요도 | I1: 총점 | J1: 우선순위 구간
A2: 1 | B2: ① | C2: 영상 데이터 | D2: 내부 원천 | E2: 영상 원본 | F2: DICOM 파일 | G2: 9 | H2: 9 | I2: =G2+H2 -> 18 | J2: =IF(H2=9,IF(G2=9,"즉시 착수",IF(G2=3,"표준화 병행","선결 과제")),IF(H2=3,IF(G2=1,"보류","2단계 확장"),IF(G2=1,"제외","여력 시 수집"))) -> 즉시 착수
A3: 2 | B3: ① | C3: 영상 데이터 | D3: 내부 원천 | E3: 영상 원본 | F3: 픽셀 해상도 | G3: 9 | H3: 9 | I3: =G3+H3 -> 18 | J3: =IF(H3=9,IF(G3=9,"즉시 착수",IF(G3=3,"표준화 병행","선결 과제")),IF(H3=3,IF(G3=1,"보류","2단계 확장"),IF(G3=1,"제외","여력 시 수집"))) -> 즉시 착수
A4: 3 | B4: ① | C4: 영상 데이터 | D4: 내부 원천 | E4: 영상 원본 | F4: Bit Depth | G4: 9 | H4: 1 | I4: =G4+H4 -> 10 | J4: =IF(H4=9,IF(G4=9,"즉시 착수",IF(G4=3,"표준화 병행","선결 과제")),IF(H4=3,IF(G4=1,"보류","2단계 확장"),IF(G4=1,"제외","여력 시 수집"))) -> 여력 시 수집
A5: 4 | B5: ① | C5: 영상 데이터 | D5: 내부 원천 | E5: 영상 원본 | F5: 압축 방식 | G5: 9 | H5: 3 | I5: =G5+H5 -> 12 | J5: =IF(H5=9,IF(G5=9,"즉시 착수",IF(G5=3,"표준화 병행","선결 과제")),IF(H5=3,IF(G5=1,"보류","2단계 확장"),IF(G5=1,"제외","여력 시 수집"))) -> 2단계 확장
A6: 5 | B6: ① | C6: 영상 데이터 | D6: 내부 원천 | E6: 영상 원본 | F6: 시리즈 · 인스턴스 | G6: 9 | H6: 9 | I6: =G6+H6 -> 18 | J6: =IF(H6=9,IF(G6=9,"즉시 착수",IF(G6=3,"표준화 병행","선결 과제")),IF(H6=3,IF(G6=1,"보류","2단계 확장"),IF(G6=1,"제외","여력 시 수집"))) -> 즉시 착수
A7: 6 | B7: ① | C7: 영상 데이터 | D7: 내부 원천 | E7: 영상 원본 | F7: 파일 용량 | G7: 9 | H7: 1 | I7: =G7+H7 -> 10 | J7: =IF(H7=9,IF(G7=9,"즉시 착수",IF(G7=3,"표준화 병행","선결 과제")),IF(H7=3,IF(G7=1,"보류","2단계 확장"),IF(G7=1,"제외","여력 시 수집"))) -> 여력 시 수집
A8: 7 | B8: ① | C8: 영상 데이터 | D8: 내부 원천 | E8: 촬영 조건 | F8: 촬영 부위 | G8: 9 | H8: 9 | I8: =G8+H8 -> 18 | J8: =IF(H8=9,IF(G8=9,"즉시 착수",IF(G8=3,"표준화 병행","선결 과제")),IF(H8=3,IF(G8=1,"보류","2단계 확장"),IF(G8=1,"제외","여력 시 수집"))) -> 즉시 착수
A9: 8 | B9: ① | C9: 영상 데이터 | D9: 내부 원천 | E9: 촬영 조건 | F9: 자세(VD · DV · Lat) | G9: 9 | H9: 9 | I9: =G9+H9 -> 18 | J9: =IF(H9=9,IF(G9=9,"즉시 착수",IF(G9=3,"표준화 병행","선결 과제")),IF(H9=3,IF(G9=1,"보류","2단계 확장"),IF(G9=1,"제외","여력 시 수집"))) -> 즉시 착수
A10: 9 | B10: ① | C10: 영상 데이터 | D10: 내부 원천 | E10: 촬영 조건 | F10: kVp · mAs | G10: 9 | H10: 9 | I10: =G10+H10 -> 18 | J10: =IF(H10=9,IF(G10=9,"즉시 착수",IF(G10=3,"표준화 병행","선결 과제")),IF(H10=3,IF(G10=1,"보류","2단계 확장"),IF(G10=1,"제외","여력 시 수집"))) -> 즉시 착수
A11: 10 | B11: ① | C11: 영상 데이터 | D11: 내부 원천 | E11: 촬영 조건 | F11: 촬영 거리(SID) | G11: 9 | H11: 9 | I11: =G11+H11 -> 18 | J11: =IF(H11=9,IF(G11=9,"즉시 착수",IF(G11=3,"표준화 병행","선결 과제")),IF(H11=3,IF(G11=1,"보류","2단계 확장"),IF(G11=1,"제외","여력 시 수집"))) -> 즉시 착수
A12: 11 | B12: ① | C12: 영상 데이터 | D12: 내부 원천 | E12: 촬영 조건 | F12: 그리드 사용 | G12: 3 | H12: 1 | I12: =G12+H12 -> 4 | J12: =IF(H12=9,IF(G12=9,"즉시 착수",IF(G12=3,"표준화 병행","선결 과제")),IF(H12=3,IF(G12=1,"보류","2단계 확장"),IF(G12=1,"제외","여력 시 수집"))) -> 여력 시 수집
A13: 12 | B13: ① | C13: 영상 데이터 | D13: 내부 원천 | E13: 촬영 조건 | F13: 조영제 사용 | G13: 3 | H13: 3 | I13: =G13+H13 -> 6 | J13: =IF(H13=9,IF(G13=9,"즉시 착수",IF(G13=3,"표준화 병행","선결 과제")),IF(H13=3,IF(G13=1,"보류","2단계 확장"),IF(G13=1,"제외","여력 시 수집"))) -> 2단계 확장
... A529: 528 | B529: ⑪ | C529: 법제 · 규제 리스크 | D529: 외부 준거 | E529: 기술 신뢰성 · XAI | F529: 오진 · 책임 소재 | G529: 1 | H529: 9 | I529: =G529+H529 -> 10 | J529: =IF(H529=9,IF(G529=9,"즉시 착수",IF(G529=3,"표준화 병행","선결 과제")),IF(H529=3,IF(G529=1,"보류","2단계 확장"),IF(G529=1,"제외","여력 시 수집"))) -> 선결 과제

Sheet 분류별 집계
A1: 분류 | B1: 대분류 | C1: 데이터 구분 | D1: 인자 수 | E1: 평균 중요도 | F1: 평균 수집가능성 | G1: 평균 총점 | H1: 즉시 착수 | I1: 선결 과제
A2: ① | B2: 영상 데이터 | C2: 내부 원천 | D2: =COUNTIF('수집성 평가표'!$C$2:$C$529,$B$2) -> 48 | E2: =ROUND(AVERAGEIF('수집성 평가표'!$C$2:$C$529,$B$2,'수집성 평가표'!$H$2:$H$529),2) -> 4.75 | F2: =ROUND(AVERAGEIF('수집성 평가표'!$C$2:$C$529,$B$2,'수집성 평가표'!$G$2:$G$529),2) -> 5.13 | G2: =ROUND(AVERAGEIF('수집성 평가표'!$C$2:$C$529,$B$2,'수집성 평가표'!$I$2:$I$529),2) -> 9.88 | H2: =COUNTIFS('수집성 평가표'!$C$2:$C$529,$B$2,'수집성 평가표'!$J$2:$J$529,"즉시 착수") -> 8 | I2: =COUNTIFS('수집성 평가표'!$C$2:$C$529,$B$2,'수집성 평가표'!$J$2:$J$529,"선결 과제") -> 6
A3: ② | B3: 혈액 · 진단검사 | C3: 내부 원천 | D3: =COUNTIF('수집성 평가표'!$C$2:$C$529,$B$3) -> 48 | E3: =ROUND(AVERAGEIF('수집성 평가표'!$C$2:$C$529,$B$3,'수집성 평가표'!$H$2:$H$529),2) -> 5.04 | F3: =ROUND(AVERAGEIF('수집성 평가표'!$C$2:$C$529,$B$3,'수집성 평가표'!$G$2:$G$529),2) -> 4.38 | G3: =ROUND(AVERAGEIF('수집성 평가표'!$C$2:$C$529,$B$3,'수집성 평가표'!$I$2:$I$529),2) -> 9.42 | H3: =COUNTIFS('수집성 평가표'!$C$2:$C$529,$B$3,'수집성 평가표'!$J$2:$J$529,"즉시 착수") -> 10 | I3: =COUNTIFS('수집성 평가표'!$C$2:$C$529,$B$3,'수집성 평가표'!$J$2:$J$529,"선결 과제") -> 4
A4: ③ | B4: 처방 · 투약 | C4: 내부 원천 | D4: =COUNTIF('수집성 평가표'!$C$2:$C$529,$B$4) -> 48 | E4: =ROUND(AVERAGEIF('수집성 평가표'!$C$2:$C$529,$B$4,'수집성 평가표'!$H$2:$H$529),2) -> 5.13 | F4: =ROUND(AVERAGEIF('수집성 평가표'!$C$2:$C$529,$B$4,'수집성 평가표'!$G$2:$G$529),2) -> 3.13 | G4: =ROUND(AVERAGEIF('수집성 평가표'!$C$2:$C$529,$B$4,'수집성 평가표'!$I$2:$I$529),2) -> 8.25 | H4: =COUNTIFS('수집성 평가표'!$C$2:$C$529,$B$4,'수집성 평가표'!$J$2:$J$529,"즉시 착수") -> 0 | I4: =COUNTIFS('수집성 평가표'!$C$2:$C$529,$B$4,'수집성 평가표'!$J$2:$J$529,"선결 과제") -> 9
A5: ④ | B5: 응급 · 입원 | C5: 내부 원천 | D5: =COUNTIF('수집성 평가표'!$C$2:$C$529,$B$5) -> 48 | E5: =ROUND(AVERAGEIF('수집성 평가표'!$C$2:$C$529,$B$5,'수집성 평가표'!$H$2:$H$529),2) -> 5 | F5: =ROUND(AVERAGEIF('수집성 평가표'!$C$2:$C$529,$B$5,'수집성 평가표'!$G$2:$G$529),2) -> 1.79 | G5: =ROUND(AVERAGEIF('수집성 평가표'!$C$2:$C$529,$B$5,'수집성 평가표'!$I$2:$I$529),2) -> 6.79 | H5: =COUNTIFS('수집성 평가표'!$C$2:$C$529,$B$5,'수집성 평가표'!$J$2:$J$529,"즉시 착수") -> 0 | I5: =COUNTIFS('수집성 평가표'!$C$2:$C$529,$B$5,'수집성 평가표'!$J$2:$J$529,"선결 과제") -> 14
A6: ⑤ | B6: 개체 · 보호자 마스터 | C6: 내부 원천 | D6: =COUNTIF('수집성 평가표'!$C$2:$C$529,$B$6) -> 48 | E6: =ROUND(AVERAGEIF('수집성 평가표'!$C$2:$C$529,$B$6,'수집성 평가표'!$H$2:$H$529),2) -> 6.38 | F6: =ROUND(AVERAGEIF('수집성 평가표'!$C$2:$C$529,$B$6,'수집성 평가표'!$G$2:$G$529),2) -> 4 | G6: =ROUND(AVERAGEIF('수집성 평가표'!$C$2:$C$529,$B$6,'수집성 평가표'!$I$2:$I$529),2) -> 10.38 | H6: =COUNTIFS('수집성 평가표'!$C$2:$C$529,$B$6,'수집성 평가표'!$J$2:$J$529,"즉시 착수") -> 8 | I6: =COUNTIFS('수집성 평가표'!$C$2:$C$529,$B$6,'수집성 평가표'!$J$2:$J$529,"선결 과제") -> 9
A7: ⑥ | B7: 통합 · 품질 · 거버넌스 | C7: 내부 가공 | D7: =COUNTIF('수집성 평가표'!$C$2:$C$529,$B$7) -> 48 | E7: =ROUND(AVERAGEIF('수집성 평가표'!$C$2:$C$529,$B$7,'수집성 평가표'!$H$2:$H$529),2) -> 6 | F7: =ROUND(AVERAGEIF('수집성 평가표'!$C$2:$C$529,$B$7,'수집성 평가표'!$G$2:$G$529),2) -> 4.83 | G7: =ROUND(AVERAGEIF('수집성 평가표'!$C$2:$C$529,$B$7,'수집성 평가표'!$I$2:$I$529),2) -> 10.83 | H7: =COUNTIFS('수집성 평가표'!$C$2:$C$529,$B$7,'수집성 평가표'!$J$2:$J$529,"즉시 착수") -> 4 | I7: =COUNTIFS('수집성 평가표'!$C$2:$C$529,$B$7,'수집성 평가표'!$J$2:$J$529,"선결 과제") -> 10
A8: ⑦ | B8: 멀티모달 AI 학습 · 판독 | C8: 내부 생성 | D8: =COUNTIF('수집성 평가표'!$C$2:$C$529,$B$8) -> 48 | E8: =ROUND(AVERAGEIF('수집성 평가표'!$C$2:$C$529,$B$8,'수집성 평가표'!$H$2:$H$529),2) -> 8.25 | F8: =ROUND(AVERAGEIF('수집성 평가표'!$C$2:$C$529,$B$8,'수집성 평가표'!$G$2:$G$529),2) -> 5.25 | G8: =ROUND(AVERAGEIF('수집성 평가표'!$C$2:$C$529,$B$8,'수집성 평가표'!$I$2:$I$529),2) -> 13.5 | H8: =COUNTIFS('수집성 평가표'!$C$2:$C$529,$B$8,'수집성 평가표'!$J$2:$J$529,"즉시 착수") -> 14 | I8: =COUNTIFS('수집성 평가표'!$C$2:$C$529,$B$8,'수집성 평가표'!$J$2:$J$529,"선결 과제") -> 6
A9: ⑧ | B9: 수의사용 판독 초안 | C9: 내부 생성 | D9: =COUNTIF('수집성 평가표'!$C$2:$C$529,$B$9) -> 48 | E9: =ROUND(AVERAGEIF('수집성 평가표'!$C$2:$C$529,$B$9,'수집성 평가표'!$H$2:$H$529),2) -> 5.92 | F9: =ROUND(AVERAGEIF('수집성 평가표'!$C$2:$C$529,$B$9,'수집성 평가표'!$G$2:$G$529),2) -> 7.38 | G9: =ROUND(AVERAGEIF('수집성 평가표'!$C$2:$C$529,$B$9,'수집성 평가표'!$I$2:$I$529),2) -> 13.29 | H9: =COUNTIFS('수집성 평가표'!$C$2:$C$529,$B$9,'수집성 평가표'!$J$2:$J$529,"즉시 착수") -> 24 | I9: =COUNTIFS('수집성 평가표'!$C$2:$C$529,$B$9,'수집성 평가표'!$J$2:$J$529,"선결 과제") -> 0
A10: ⑨ | B10: 보호자 설명문 · 수익화 | C10: 내부 생성 | D10: =COUNTIF('수집성 평가표'!$C$2:$C$529,$B$10) -> 48 | E10: =ROUND(AVERAGEIF('수집성 평가표'!$C$2:$C$529,$B$10,'수집성 평가표'!$H$2:$H$529),2) -> 4.79 | F10: =ROUND(AVERAGEIF('수집성 평가표'!$C$2:$C$529,$B$10,'수집성 평가표'!$G$2:$G$529),2) -> 4.25 | G10: =ROUND(AVERAGEIF('수집성 평가표'!$C$2:$C$529,$B$10,'수집성 평가표'!$I$2:$I$529),2) -> 9.04 | H10: =COUNTIFS('수집성 평가표'!$C$2:$C$529,$B$10,'수집성 평가표'!$J$2:$J$529,"즉시 착수") -> 7 | I10: =COUNTIFS('수집성 평가표'!$C$2:$C$529,$B$10,'수집성 평가표'!$J$2:$J$529,"선결 과제") -> 7
A11: ⑩ | B11: 보호자 신뢰 · 시장 대응 | C11: 외부 조사 | D11: =COUNTIF('수집성 평가표'!$C$2:$C$529,$B$11) -> 48 | E11: =ROUND(AVERAGEIF('수집성 평가표'!$C$2:$C$529,$B$11,'수집성 평가표'!$H$2:$H$529),2) -> 6.71 | F11: =ROUND(AVERAGEIF('수집성 평가표'!$C$2:$C$529,$B$11,'수집성 평가표'!$G$2:$G$529),2) -> 5.63 | G11: =ROUND(AVERAGEIF('수집성 평가표'!$C$2:$C$529,$B$11,'수집성 평가표'!$I$2:$I$529),2) -> 12.33 | H11: =COUNTIFS('수집성 평가표'!$C$2:$C$529,$B$11,'수집성 평가표'!$J$2:$J$529,"즉시 착수") -> 15 | I11: =COUNTIFS('수집성 평가표'!$C$2:$C$529,$B$11,'수집성 평가표'!$J$2:$J$529,"선결 과제") -> 8
A12: ⑪ | B12: 법제 · 규제 리스크 | C12: 외부 준거 | D12: =COUNTIF('수집성 평가표'!$C$2:$C$529,$B$12) -> 48 | E12: =ROUND(AVERAGEIF('수집성 평가표'!$C$2:$C$529,$B$12,'수집성 평가표'!$H$2:$H$529),2) -> 6.92 | F12: =ROUND(AVERAGEIF('수집성 평가표'!$C$2:$C$529,$B$12,'수집성 평가표'!$G$2:$G$529),2) -> 5.17 | G12: =ROUND(AVERAGEIF('수집성 평가표'!$C$2:$C$529,$B$12,'수집성 평가표'!$I$2:$I$529),2) -> 12.08 | H12: =COUNTIFS('수집성 평가표'!$C$2:$C$529,$B$12,'수집성 평가표'!$J$2:$J$529,"즉시 착수") -> 14 | I12: =COUNTIFS('수집성 평가표'!$C$2:$C$529,$B$12,'수집성 평가표'!$J$2:$J$529,"선결 과제") -> 11
B13: 합계 | D13: =SUM(D2:D12) -> 528 | E13: =ROUND(AVERAGE('수집성 평가표'!$H$2:$H$529),2) -> 5.9 | F13: =ROUND(AVERAGE('수집성 평가표'!$G$2:$G$529),2) -> 4.63 | G13: =ROUND(AVERAGE('수집성 평가표'!$I$2:$I$529),2) -> 10.53 | H13: =SUM(H2:H12) -> 104 | I13: =SUM(I2:I12) -> 84

Sheet 우선순위 매트릭스
A1: 중요도 \ 수집가능성 | B1: 가능성 1 | C1: 가능성 3 | D1: 가능성 9 | E1: 소계
A2: 중요도 9 | B2: =COUNTIFS('수집성 평가표'!$H$2:$H$529,9,'수집성 평가표'!$G$2:$G$529,1) -> 84 | C2: =COUNTIFS('수집성 평가표'!$H$2:$H$529,9,'수집성 평가표'!$G$2:$G$529,3) -> 80 | D2: =COUNTIFS('수집성 평가표'!$H$2:$H$529,9,'수집성 평가표'!$G$2:$G$529,9) -> 104 | E2: =SUM(B2:D2) -> 268
A3: 중요도 3 | B3: =COUNTIFS('수집성 평가표'!$H$2:$H$529,3,'수집성 평가표'!$G$2:$G$529,1) -> 46 | C3: =COUNTIFS('수집성 평가표'!$H$2:$H$529,3,'수집성 평가표'!$G$2:$G$529,3) -> 102 | D3: =COUNTIFS('수집성 평가표'!$H$2:$H$529,3,'수집성 평가표'!$G$2:$G$529,9) -> 73 | E3: =SUM(B3:D3) -> 221
A4: 중요도 1 | B4: =COUNTIFS('수집성 평가표'!$H$2:$H$529,1,'수집성 평가표'!$G$2:$G$529,1) -> 10 | C4: =COUNTIFS('수집성 평가표'!$H$2:$H$529,1,'수집성 평가표'!$G$2:$G$529,3) -> 16 | D4: =COUNTIFS('수집성 평가표'!$H$2:$H$529,1,'수집성 평가표'!$G$2:$G$529,9) -> 13 | E4: =SUM(B4:D4) -> 39
A5: 소계 | B5: =SUM(B2:B4) -> 140 | C5: =SUM(C2:C4) -> 198 | D5: =SUM(D2:D4) -> 190 | E5: =SUM(E2:E4) -> 528
A7: 구간 정의
A8: 중요도 9 · 가능성 9 | B8: 즉시 착수
A9: 중요도 9 · 가능성 3 | B9: 표준화 병행
A10: 중요도 9 · 가능성 1 | B10: 선결 과제
A11: 중요도 3 · 가능성 9 | B11: 2단계 확장
A12: 중요도 3 · 가능성 3 | B12: 2단계 확장
A13: 중요도 3 · 가능성 1 | B13: 보류
A14: 중요도 1 · 가능성 9 | B14: 여력 시 수집
A15: 중요도 1 · 가능성 3 | B15: 여력 시 수집
A16: 중요도 1 · 가능성 1 | B16: 제외

Sheet 평가 방법
A1: 데이터 수집성 평가 — 산출 근거
A3: 1. 어골도 ①~⑪ 11장에서 소골(인자) 528개를 전수 추출.
A4: 2. 배점은 중분류(대골) 단위로 기준값을 부여하고, 성격이 뚜렷이 다른 인자 172개는 인자 단위로 개별 보정.
A6: 3. 평가 척도 — 1 · 3 · 9 (3단 비선형 척도)
A7: 중요도 = 서비스 기여도 1 보조 지표 / 3 정확도 기여 / 9 서비스 필수(없으면 성립 불가)
A8: 수집가능성 = 확보 용이성 1 신규수집·표준화 필요 / 3 부분확보·가공 필요 / 9 연동 즉시확보
A9: ※ 5가 아닌 9를 최상위 값으로 쓰는 이유 — 1·3·5는 등간격이라 최상위와 중간의 차이가 묻히지만, 1·3·9는 최상위 구간을 3배로 벌려 '반드시 필요한 것'과 '있으면 좋은 것'이 총점에서 확연히 갈림.
A11: ※ ⑦~⑨ 내부 생성 데이터는 '생성·적재 가능성', ⑩ 시장 · 경쟁은 '공개정보 조사 가능성',
A12: ⑪ 법제·규제는 '법령·고시 확인 및 사내 문서화 가능성'으로 해석.
A14: 4. 총점 = 중요도 + 수집가능성 (최대 18점). 가능한 총점 조합은 2 / 4 / 6 / 10 / 12 / 18 여섯 가지.
A15: 5. 총점만으로 착수 순서를 정하지 않음.
A16: 6. 우선순위 구간은 [중요도 × 수집가능성] 3×3 매트릭스로 판정 —
... A21: ※ 수정 대상 셀: [수집성 평가표] 시트의 G열(수집가능성) · H열(중요도)만 입력. I열(총점)·J열(우선순위 구간)은 수식이므로 직접 입력 금지.
